Image,target
520.jpg,odissi
470.jpg,odissi
6.jpg,kathak
239.jpg,kathakali
147.jpg,kuchipudi
112.jpg,bharatanatyam
13.jpg,kathak
437.jpg,kuchipudi
505.jpg,odissi
146.jpg,bharatanatyam
473.jpg,kuchipudi
340.jpg,sattriya
438.jpg,kuchipudi
386.jpg,odissi
414.jpg,kuchipudi
206.jpg,kathakali
95.jpg,manipuri
71.jpg,manipuri
9.jpg,kathak
55.jpg,kuchipudi
28.jpg,kathak
193.jpg,kathakali
424.jpg,manipuri
332.jpg,sattriya
119.jpg,bharatanatyam
67.jpg,kathak
45.jpg,kathak
291.jpg,mohiniyattam
271.jpg,mohiniyattam
360.jpg,sattriya
23.jpg,kathak
318.jpg,sattriya
35.jpg,kathak
20.jpg,kathak
48.jpg,mohiniyattam
394.jpg,odissi
270.jpg,mohiniyattam
284.jpg,mohiniyattam
302.jpg,mohiniyattam
390.jpg,kuchipudi
498.jpg,odissi
463.jpg,odissi
495.jpg,odissi
373.jpg,sattriya
518.jpg,odissi
517.jpg,odissi
108.jpg,manipuri
431.jpg,kathak
306.jpg,mohiniyattam
460.jpg,odissi
157.jpg,bharatanatyam
290.jpg,mohiniyattam
324.jpg,sattriya
441.jpg,sattriya
194.jpg,kathakali
138.jpg,bharatanatyam
508.jpg,odissi
278.jpg,mohiniyattam
226.jpg,kathakali
162.jpg,bharatanatyam
457.jpg,sattriya
220.jpg,kathakali
224.jpg,kathakali
170.jpg,bharatanatyam
196.jpg,kathakali
323.jpg,sattriya
316.jpg,sattriya
292.jpg,mohiniyattam
64.jpg,kathak
440.jpg,bharatanatyam
183.jpg,kathakali
410.jpg,kuchipudi
346.jpg,sattriya
171.jpg,bharatanatyam
200.jpg,kathakali
479.jpg,odissi
378.jpg,bharatanatyam
375.jpg,bharatanatyam
97.jpg,manipuri
33.jpg,kathak
128.jpg,bharatanatyam
129.jpg,bharatanatyam
465.jpg,kuchipudi
256.jpg,mohiniyattam
11.jpg,kathak
392.jpg,odissi
485.jpg,odissi
358.jpg,sattriya
487.jpg,odissi
286.jpg,mohiniyattam
421.jpg,odissi
507.jpg,odissi
264.jpg,mohiniyattam
283.jpg,mohiniyattam
175.jpg,bharatanatyam
145.jpg,bharatanatyam
411.jpg,kuchipudi
110.jpg,manipuri
238.jpg,kathakali
92.jpg,manipuri
232.jpg,kathakali
216.jpg,kathakali
461.jpg,odissi
456.jpg,odissi
458.jpg,odissi
34.jpg,kathak
17.jpg,kathak
215.jpg,kathakali
40.jpg,kathak
482.jpg,odissi
354.jpg,sattriya
114.jpg,bharatanatyam
448.jpg,odissi
429.jpg,kuchipudi
152.jpg,bharatanatyam
41.jpg,kuchipudi
363.jpg,manipuri
514.jpg,kathak
285.jpg,mohiniyattam
467.jpg,odissi
125.jpg,kuchipudi
447.jpg,odissi
439.jpg,kuchipudi
374.jpg,kuchipudi
401.jpg,odissi
189.jpg,kathakali
80.jpg,manipuri
38.jpg,kathak
275.jpg,sattriya
366.jpg,sattriya
14.jpg,kathak
398.jpg,kuchipudi
132.jpg,kuchipudi
173.jpg,bharatanatyam
385.jpg,kuchipudi
280.jpg,mohiniyattam
86.jpg,manipuri
506.jpg,odissi
349.jpg,sattriya
246.jpg,sattriya
198.jpg,kathakali
330.jpg,sattriya
317.jpg,sattriya
484.jpg,odissi
217.jpg,kathakali
210.jpg,kathakali
57.jpg,kathak
510.jpg,kuchipudi
59.jpg,mohiniyattam
150.jpg,kuchipudi
269.jpg,odissi
380.jpg,kuchipudi
61.jpg,mohiniyattam
202.jpg,kathakali
416.jpg,kuchipudi
301.jpg,odissi
